id,option,value,trust,unlock,learning,ease,balanced_score,delivery_first_score,learning_first_score,phase,owner,effort,evidence_confidence,dependencies,conditions,evidence,first_step,done_when,sources
D09,Confirm exactly what the paid offer commits to,5,5,5,4,4,95.0,97.0,92.0,Start,CT + agent,Small,High,,,Local offer promises all future digital content and permanent membership grandfathering; live site describes a different bundle and future discount. These are material ongoing commitments.,"Create a plain inclusion list: available now, promised later, updates, print terms, access method and existing buyer commitments. CT confirms it before copy changes.","One authoritative offer drives pages, policies and customer messages; no silent repricing or withdrawal of prior commitments.",https://github.com/ctavolazzi/survivingthesingularity/blob/396b238/src/lib/offer.js#L126; https://survivingthesingularity.com/early-access
D03,Verify access and delivery from beginning to end,5,5,5,4,3,93.0,95.0,90.0,Start,CT + agent,Medium,Medium,D09,,The site promises immediate delivery. Recent daily notes record an account quota problem and an unconfirmed sender lead; a successful CI run does not prove delivery.,"Establish current sender/account status, then run an authorized test flow with a designated recipient and record payment, access and correct-download outcomes.","One dated acceptance record for success and recoverable failure, with the right edition delivered.",https://survivingthesingularity.com/early-access; https://github.com/ctavolazzi/survivingthesingularity/blob/c6f83f3/src/routes/early-access/success/+page.svelte
D01,Choose one manuscript and release baseline,4,5,5,4,5,91.0,93.0,88.0,Start,CT + agent,Small,High,,,PR24 integrates v0.11.0; PR26 is a separate core-cut document; PR27 adds a foreword to older main. These are not interchangeable editions.,"Write a one-page inclusion decision: public edition, working edition, source commit, foreword destination, and deferred proposals.",One unambiguous source/manifest for the next edition and an explicit inclusion list.,https://github.com/ctavolazzi/survivingthesingularity/pull/24; https://github.com/ctavolazzi/survivingthesingularity/pull/26; https://github.com/ctavolazzi/survivingthesingularity/pull/27
D02,Align the public promise and access language,5,5,4,4,4,91.0,92.0,89.0,Start,CT + agent,Small,High,D01; D09,,Live homepage still sells individual escape; v0.11.0 defines collective survival. Live navigation describes open reading while /book requires a purchase-email password.,"Compare hero, survival block, navigation, Introduction and purchase page. CT chooses the promise; implement one consistent description.",A newcomer can explain the book's purpose and access conditions without prompting.,https://survivingthesingularity.com/; https://survivingthesingularity.com/book; https://github.com/ctavolazzi/survivingthesingularity/blob/d48ed396/src/lib/data/book/02-introduction.md#L33; https://github.com/ctavolazzi/survivingthesingularity/blob/396b238/src/routes/+page.svelte
D07,"Settle the opening, voice and ending decisions",5,4,5,4,3,88.0,89.0,87.0,Start,CT,Medium,High,D01,,Core critique flags multiple openings; voice history preserves author passages and identifies cut material. The new foreword introduces another opening choice.,"Prepare a short decision packet: opening order, foreword role, retained author passages, narrative register and closing invitation.",CT approves a provisional editorial brief for the reader-session candidates; reader findings then inform the final brief.,https://github.com/ctavolazzi/survivingthesingularity/blob/e797fa1/docs/v0.11.1-core/CRITIQUE.md; https://github.com/ctavolazzi/survivingthesingularity/blob/e797fa1/docs/v0.11.1-core/VOICE-HISTORY.md; https://github.com/ctavolazzi/survivingthesingularity/pull/27
D04,Run five focused reader sessions,5,4,4,5,3,87.0,85.0,90.0,Next,CT recruits; agent prepares,Medium,Medium,D01; D07,,"Existing reader proofs check rendering. AI critiques identify hypotheses, not demonstrated reader comprehension or demand.","Use a provisional opening and one practical passage with five relevant readers. Ask what the book promises, where they stop, and what action they can take.","Five recorded sessions with recurring problems, counterexamples and decisions; no statistical market claim.",https://github.com/ctavolazzi/survivingthesingularity/blob/e797fa1/docs/v0.11.1-core/CRITIQUE.md#L3; https://github.com/ctavolazzi/survivingthesingularity/blob/d48ed396/docs/v0.11.0/reader-proof/READER-REVIEW.md
D08,Audit the claims retained in the chosen text,5,5,4,4,2,87.0,88.0,85.0,Next,Agent + CT for wording,Large,High,D01,,"v0.11.0 checked new additions, not every inherited claim. Public statistics and causal forecasts still need passage-specific evidence.","Prioritize the homepage statistics, causal/forecast claims, comparisons and practical prescriptions. Reuse block IDs and the citation trail.","Each high-impact claim has a bounded verdict and source locator, or is revised/removed with author review.",https://github.com/ctavolazzi/survivingthesingularity/blob/d48ed396/FACTCHECK.md; https://github.com/ctavolazzi/survivingthesingularity/blob/d48ed396/docs/v0.11.0/EDITION-NOTES.md; https://survivingthesingularity.com/
D12,Pilot one author-led chapter rewrite,5,4,4,5,3,87.0,85.0,90.0,Next,CT writes; agent supports,Medium,High,D01; D07; D04,Ratings cover one chapter pilot. Full-manuscript expansion is a separate author decision after the pilot; its effort is not scored here.,"PR26 supplies 50,469 verbatim words, 2,178 block decisions and 196 seams. It is preparation for CT's v0.12 rewrite, not finished prose.","Rewrite one representative chapter using the core cut, voice decisions and reader findings. Agents prepare evidence and track seams.",CT accepts the pilot and its reader test; use its budget and method for later chapters.,https://github.com/ctavolazzi/survivingthesingularity/pull/26; https://github.com/ctavolazzi/survivingthesingularity/blob/e797fa1/docs/v0.11.1-core/README.md
D06,Repair the release checks and diagnose WebKit failures,4,5,5,3,3,84.0,88.0,78.0,Start,Agent,Medium,High,D01,,"PR24 has failed WebKit, mobile Safari and tablet jobs. Some older tests assert only if a feature exists; one accepts zero revealed elements.","Inspect the failed test reports, remove stale-route assumptions and make relevant checks fail on intentionally broken fixtures.","Relevant checks detect their intended defect, then pass on the release candidate. Failure causes are classified, not inferred from red status.",https://github.com/ctavolazzi/survivingthesingularity/actions/runs/37885118087; https://github.com/ctavolazzi/survivingthesingularity/blob/c6f83f3/tests/e2e/h-usability.spec.js#L31
D10,"Match the reader, downloads and bundle to one edition",5,5,4,3,2,84.0,87.0,79.0,Release gate,Agent; CT selects edition,Medium,High,D01; D09,,PR24 reader is v0.11.0 while downloads remain v0.7.5. Its 42.5 MB reading PDF exceeds the candidate's documented static-file limit. Local bundle manifest also names v0.7.5.,"Select the deliverable edition, reuse the build pipeline, choose suitable file size/hosting, and compare metadata and hashes across access paths.","Reader, PDF, EPUB and bundle clearly identify the intended edition, with working links and hosting-compatible files.",https://github.com/ctavolazzi/survivingthesingularity/pull/24; https://github.com/ctavolazzi/survivingthesingularity/blob/c6f83f3/src/lib/data/bundleManifest.js#L27
D13,Test one practical activity or companion guide,5,4,3,5,2,81.0,78.0,85.0,Next,CT + practitioner + agent,Large,Medium,D01; D07; D04,Ratings cover one bounded activity pilot. A full companion or many new instructions require a later scope decision.,"Appendix material and field-manual rules are reusable, while critique questions whether several chapter titles deliver practical instruction.","Pick one bounded low-cost activity with real inputs, labor, limitations and observed result; decide whether it belongs in the book or companion.",A reader can complete the activity and identify its limits; the example informs the book's practical promise.,https://github.com/ctavolazzi/survivingthesingularity/blob/d48ed396/src/lib/data/book/VOICE-GUIDE.md#L52; https://github.com/ctavolazzi/survivingthesingularity/blob/e797fa1/docs/v0.11.1-core/CRITIQUE.md#L28
D05,Integrate the already measured website corrections,4,4,4,2,5,76.0,80.0,70.0,Start,Agent; CT releases,Small,High,D01; D06,,"Three commits preserve rendering, labels, dates, metadata and audit tools. Prior local measurements show improvements; production HTML still lacks factcheck body content.",Review the three commits on the selected release base and re-run their focused served-page acceptance checks.,"Correct content, labels, dates and metadata survive the integration on the served build.",https://github.com/ctavolazzi/survivingthesingularity/blob/c6f83f3/scripts/site-audit/README.md; https://github.com/ctavolazzi/survivingthesingularity/tree/archive/site-fixes-2026-10-10
D11,Resolve the foreword's sources and wording decisions,4,5,3,3,3,76.0,78.0,72.0,Next,Agent researches; CT rules,Medium,High,D01; D07,Primary-source collection can start immediately. Inclusion and placement require D01 and D07.,"PR27 records primary-source gaps, softened dictated claims and a proposed sign-off. Its foreword is not yet a built edition.","Check primary DARPA, UN and project documents; present only the remaining factual and author choices.",Accepted foreword has supported/bounded factual claims and explicit placement in the selected edition.,https://github.com/ctavolazzi/survivingthesingularity/pull/27; https://github.com/ctavolazzi/survivingthesingularity/blob/06097b92/V0.7.5-SCOPE.md#L50
D19,Regenerate the public evidence trail against the selected source,4,5,3,2,3,73.0,77.0,66.0,Release gate,Agent,Medium,High,D01; D08; D10,,Factcheck/workshop outputs can be stale and their receipts depend on origin/main. Archive presence alone does not satisfy the existing receipt policy.,Build against the intended publication commit; distinguish unchecked evidence from unresolved Git receipts. Refresh the public trace after integration.,"Displayed claims, source locators, counts and receipt statuses match the published edition.",https://github.com/ctavolazzi/survivingthesingularity/blob/d48ed396/FACTCHECK.md#L62; https://github.com/ctavolazzi/survivingthesingularity/pull/19; https://github.com/ctavolazzi/survivingthesingularity/pull/24
D16,Run one video or excerpt distribution experiment,4,3,2,5,4,70.0,65.0,77.0,After gates,CT publishes; agent prepares,Medium,Medium,D02,A sales CTA requires D03 and D10. A free excerpt seeking feedback can run earlier once its wording and sources are ready; it need not wait for a paid release.,"PR20 has 21 scripts with Shorts, sources and CTA ideas. Pixel project has Chapter 15 videos, but older captions and rights require review.","Choose one script or excerpt, one existing channel and one reader action. Check claims/rights and record a modest outcome target before publishing.","Measure qualified replies, excerpt visits and completed reader actions; use results to decide a second piece.",https://github.com/ctavolazzi/survivingthesingularity/pull/20; https://github.com/ctavolazzi/survivingthesingularity/releases/tag/book-work-archive-2026-10-09
D20,Extract a source-derived public ledger or sample,4,3,3,4,3,69.0,67.0,72.0,After gates,CT decides access; agent builds,Medium,High,D01; D02; D09,A genuinely free sample does not require paid fulfillment. Email-gated access requires a working delivery route and coherent access terms.,PR20 already extracts precedent prose from canonical Markdown. It expects 23 precedents while v0.11.0 has 24.,"Isolate the route, update its extraction checks and decide free/sample/email access coherently with the offer.",A useful public sample draws from current source without duplicate prose or a misleading access promise.,https://github.com/ctavolazzi/survivingthesingularity/pull/20
D15,Source or narrow the three unsourced bundle cases,3,5,2,3,3,66.0,67.0,63.0,Next,Agent,Medium,High,D09,Research can begin now. Final manifest and displayed claims must be reconciled with D10 before shipping an updated bundle.,"Local bundle manifest records 31 cases and 28 with sources, naming B1, C4 and D2 as missing. This count is distinct from the book's precedent count.",Review those three cases and add primary evidence or narrow/label the claims; rebuild the manifest from the actual bundle.,"Every claim has an honest evidence status, and displayed counts agree with the delivered file.",https://github.com/ctavolazzi/survivingthesingularity/blob/c6f83f3/src/lib/data/bundleManifest.js#L32; https://github.com/ctavolazzi/survivingthesingularity/blob/396b238/src/lib/offer.js#L171
D22,Complete final digital and physical publication proofs,4,5,2,2,1,65.0,68.0,59.0,After text stabilizes,CT + production,Large,High,D01; D10,D11 applies only if the foreword is included; D12 applies only for a rewritten edition. Physical proofs and vendor requirements apply only to a print release. Interim digital release remains an option.,"v0.11.0 has EPUB/PDF proofs, text/geometry checks and portable sources. It still lacks complete rights/physical-print acceptance and dedicated-reader proof.","Once text/art settles, use the existing production machinery; obtain device and print proofs appropriate to the chosen channels.","Edition-specific acceptance record covers text, images, device behavior, physical print and distribution requirements.",https://github.com/ctavolazzi/survivingthesingularity/blob/d48ed396/publication/README.md#L52
D21,Replace conflicting current-status documentation with a thin index,2,4,4,2,5,64.0,68.0,58.0,Start,Agent,Small,High,D01; D09,,Current-status documents still describe free/open access and unimplemented preorder. Edition labels also refer to different branches and releases.,"Keep history intact, label superseded pages and link one source/edition/release/decision index after CT chooses the baseline.","A collaborator can locate current source, public offer, release candidate and blockers from one page.",https://github.com/ctavolazzi/survivingthesingularity/blob/c6f83f3/docs/PROJECT-STATUS.md; https://github.com/ctavolazzi/survivingthesingularity/blob/c6f83f3/docs/PREORDER-ROADMAP.md; https://github.com/ctavolazzi/survivingthesingularity/blob/d48ed396/manuscript/EDITORIAL-QUEUE.md
D18,Use the existing local manuscript search tool,3,2,4,3,5,63.0,63.0,64.0,Next,Agent,Small,High,D01,,PR22 implements lexical search over stable manuscript block IDs and a localhost interface. Generated answers are optional and were not exercised.,Port the lexical search to the chosen source and try real editorial queries with known relevant passages.,Editing questions return useful source passages and stable IDs; adopt only if it saves actual retrieval effort.,https://github.com/ctavolazzi/survivingthesingularity/pull/22
D14,Finish local fonts and click-to-load video work,3,4,2,2,4,60.0,62.0,56.0,Next,Current owner + agent,Small,High,D05,,"Active site work already contains fonts, licenses, fetcher and lazy video changes. New LiteYouTube and compare_tiles edits appeared after the archive cutoff.","Let the current work stabilize, review its diff and use the existing network and scrolled-tile tools.",Arrival requests/bytes and visual changes are recorded; video loads on activation and controls remain usable.,https://github.com/ctavolazzi/survivingthesingularity/tree/archive/book-files-2026-10-08/docs/uploads/2026-10-10/snapshots/sts-site-fixes; https://github.com/ctavolazzi/survivingthesingularity/blob/c6f83f3/scripts/site-audit/README.md
D17,Adapt the labor-hour essay as a standalone piece,3,3,2,4,3,59.0,56.0,63.0,Later,CT + agent,Medium,High,D01; D02; D08,,PR21 contains a blog essay and book insertions targeting an older manuscript. The branch names remaining voice and link checks.,"Review the essay alone, preserve its source corrections, and select a clear reader question before integrating any chapter material.",One supported essay fits the chosen public promise; book additions remain a separate editorial decision.,https://github.com/ctavolazzi/survivingthesingularity/pull/21
D27,Keep preservation incremental as active work changes,2,3,2,1,5,48.0,51.0,43.0,Maintenance,Agent + current owners,Small,High,,,Complete archive coverage was verified through 06:15 PDT. Later active edits and plain-claims commit 396b238 show why backup claims need a cutoff.,"After each owned milestone, record source commits and snapshot only new authored work. Keep archive branches separate from release candidates.","Each completed milestone has a recoverable GitHub location and timestamped coverage, without another broad backup project.",https://github.com/ctavolazzi/survivingthesingularity/tree/archive/book-files-2026-10-08/docs/uploads/2026-10-10
D23,Evaluate the game as a separate teaching prototype,2,2,1,4,1,40.0,35.0,47.0,Defer,CT + agent,Large,Medium,D04; D13,,"Shouse game has an engine, HUD and simulation assets, but older cost, income, permit and route assumptions. Current playability is unverified.","Only after reader evidence identifies a teaching need, test a single scenario and audit its assumptions.",Readers learn one intended concept without mistaking game assumptions for practical forecasts.,https://github.com/ctavolazzi/survivingthesingularity/tree/StS-Game
D26,Undertake a broad visual redesign,2,2,1,2,1,34.0,33.0,35.0,Defer,CT + agent,Large,Medium,D04; D05; D06,,"Useful components and audit tools already exist. Known clarity, delivery and testing defects give narrower work a stronger basis.",Make only changes tied to observed reader/task failures; preserve historical MVP components as optional references.,"A specific observed task improves, with no regression in access or clarity.",https://github.com/ctavolazzi/survivingthesingularity/tree/archive/sts-mvp-2026-07-30; https://github.com/ctavolazzi/survivingthesingularity/blob/c6f83f3/scripts/site-audit/README.md
D25,Expand membership or other platform features,2,1,1,2,1,29.0,27.0,32.0,Defer,CT + agent,Large,Low,D09; D04; D16,,"Offer already makes future membership commitments, but this assessment contains no evidence of membership demand or operating capacity.","Define the obligation and test the need with existing readers before adding account, community or subscription workflows.","A specific reader need, sustainable operating plan and agreed scope precede implementation.",https://github.com/ctavolazzi/survivingthesingularity/blob/396b238/src/lib/offer.js#L212
D24,Build a production tracker only after recurring production exists,1,1,1,2,1,23.0,21.0,26.0,Defer,Agent,Large,High,D16,,Existing production-tracker is a Svelte scaffold with no implemented tracking workflow. One pilot does not require a new platform.,Use a simple production table for the first pilots; identify repeated coordination failures before building software.,A documented recurring workflow justifies software beyond a shared table.,https://github.com/ctavolazzi/survivingthesingularity/releases/tag/book-work-archive-2026-10-09
